product_id,brand_id,category_id,product_name,price,average_rating,highlight,description,ingredients,usage_instructions,product_url,product_image,brand,category,created_at,updated_at,deleted_at
1,,,Prisme Libre Highlighter (Holiday Limited Edition),RM231.00,,"[""NEW""]",,,,https://www.sephora.my/products/givenchy-prisme-libre-highlighter-holiday-limited-edition/v/n17,https://image-optimizer-reg.production.sephora-asia.net/eyJlZGl0cyI6eyJyZXNpemUiOnt9fX0=/images/product_images/zoom_1_Product_3274872500785-GIVENCHY-Prisme-Libre-Highlighter-Li_e40f07763a99d52bacbad4cdf5f6d89c08ae1718_1761118060.png,GIVENCHY,makeup,2025-11-12 05:59:41,2025-11-12 05:59:41,
2,,,Prisme Libre Loose Powder (Holiday Limited Edition),RM295.00,,"[""NEW""]",,,,https://www.sephora.my/products/givenchy-prisme-libre-loose-powder-holiday-limited-edition/v/n15,https://image-optimizer-reg.production.sephora-asia.net/eyJlZGl0cyI6eyJyZXNpemUiOnt9fX0=/images/product_images/zoom_1_Product_3274872500778-GIVENCHY-Prisme-Libre-Loose-Powder-L_a63a6099deefa6ac48c4b2d0549eaa27b16918ed_1761118055.png,GIVENCHY,makeup,2025-11-12 05:59:41,2025-11-12 05:59:41,
3,,,LE9 Eye Palette (Holiday Limited Edition),RM303.00,,"[""NEW""]",,,,https://www.sephora.my/products/givenchy-le9-eye-palette-holiday-limited-edition/v/le9,https://image-optimizer-reg.production.sephora-asia.net/eyJlZGl0cyI6eyJyZXNpemUiOnt9fX0=/images/product_images/zoom_1_Product_3274872499614-GIVENCHY-Le-9-De-Givenchy-Limited-Ed_6c867b4baaaba22a406b3de4d499287012136cce_1761118045.png,GIVENCHY,makeup,2025-11-12 05:59:41,2025-11-12 05:59:41,
4,,,Lip Velvet,RM144.00RM115.2020% OFF,,"[""Only at Sephora""]",,,,https://www.sephora.my/products/anastasia-beverly-hills-lip-velvet/v/blackberry,https://image-optimizer-reg.production.sephora-asia.net/eyJlZGl0cyI6eyJyZXNpemUiOnt9fX0=/images/product_images/zoom_1_Product_689304195737-Anastasia-Beverly-Hills-Lip-Velvet-Bl_c4259eb4d18c678fea17c65a9aaf4a8efe7accd7_1728285949.png,Anastasia Beverly Hills,makeup,2025-11-12 05:59:41,2025-11-12 05:59:41,
5,,,Original New Cream Lip Stain,RM67.00RM39.0040% OFF,,"[""Only at Sephora""]",,,,https://www.sephora.my/products/sephora-collection-original-new-cream-lip-stain/v/13-marvelous-mauve,https://image-optimizer-reg.production.sephora-asia.net/eyJlZGl0cyI6eyJyZXNpemUiOnt9fX0=/images/product_images/zoom_1_Product_3378872212515-Sephora-collection-New-Cream-Lip-Sta_e99e7fac85f0672e9d6e8b7e82535d4fd5f83395_1724414294.png,Sephora Collection,makeup,2025-11-12 05:59:41,2025-11-12 05:59:41,
6,,,On 'Til Dawn Mattifying Waterproof Setting Spray Set (Holiday Limited Edition),RM180.00,,"[""NEW | Only at Sephora""]",,,,https://www.sephora.my/products/one-size-on-til-dawn-mattifying-waterproof-setting-spray-set-holiday-limited-edition/v/default,https://image-optimizer-reg.production.sephora-asia.net/eyJlZGl0cyI6eyJyZXNpemUiOnt9fX0=/images/product_images/zoom_1_Product_810041817303-OneSize-On-Til-Dawn-Mattifying-Waterp_a44c1dfc32fc2bff0a7758bfdf5c69663a1eea65_1759404582.png,ONE/SIZE,makeup,2025-11-12 05:59:41,2025-11-12 05:59:41,
7,,,Bundle of Joy Holiday Must-Have Value Set - MY (Holiday Limited Edition),RM160.00,,[],,,,https://www.sephora.my/products/sephora-favorites-bundle-of-joy-holiday-must-have-value-set-my-holiday-limited-edition/v/default,https://image-optimizer-reg.production.sephora-asia.net/eyJlZGl0cyI6eyJyZXNpemUiOnt9fX0=/images/product_images/zoom_1_Product_3020258019316-Sephora-Collection-Bundle-of-Joy-Hol_3d4f74a03e3899130d8f1c35468559b078bce286_1760089355.png,Sephora Favorites,makeup,2025-11-12 05:59:41,2025-11-12 05:59:41,
8,,,Soft Matte Complete Concealer,RM145.00,,[],,,,https://www.sephora.my/products/nars-soft-matte-complete-concealer/v/biscuit,https://image-optimizer-reg.production.sephora-asia.net/eyJlZGl0cyI6eyJyZXNpemUiOnt9fX0=/images/product_images/zoom_1_Product_607845012832-NARS-Soft-Matte-Complete-Concealer-Bi_ce294ed6881ffebff5bd527548320bf6d97e86c2_1713960372.png,NARS,makeup,2025-11-12 05:59:41,2025-11-12 05:59:41,
9,,,Original Moisturizing Lip Balm - 8HR Hydrating Treatment,RM32.00RM16.0050% OFF,,"[""Only at Sephora""]",,,,https://www.sephora.my/products/sephora-collection-original-moisturizing-lip-balm-8hr-hydrating-treatment/v/lychee-nourishing-and-softening-tinted,https://image-optimizer-reg.production.sephora-asia.net/eyJlZGl0cyI6eyJyZXNpemUiOnt9fX0=/images/product_images/zoom_1_Product_3378872189787-Sephora-Collection-Moisturizing-Lip-_7c6a680860ca2fbc37237db15ea1d18611f13bc8_1708924837.png?o=clean,Sephora Collection,makeup,2025-11-12 05:59:41,2025-11-12 05:59:41,
10,,,Vitamin Enriched Face Base - Moisturizer and Primer,RM485.00,,[],,,,https://www.sephora.my/products/bobbi-brown-vitamin-enriched-face-base-moisturizer-and-primer/v/100ml,https://image-optimizer-reg.production.sephora-asia.net/eyJlZGl0cyI6eyJyZXNpemUiOnt9fX0=/images/product_images/zoom_1_Product_716170272214-Bobbi-Brown-Vitamin-Enriched-Face-Bas_28a098280ca377fe80d2329aa1356d80b68e69fa_1724055239.png,Bobbi Brown,makeup,2025-11-12 05:59:41,2025-11-12 05:59:41,
11,,,Best Skin Ever Matte Powder Foundation,RM98.00,,"[""Only at Sephora""]",,,,https://www.sephora.my/products/sephora-collection-best-skin-ever-matte-powder-foundation/v/04p-light,https://image-optimizer-reg.production.sephora-asia.net/eyJlZGl0cyI6eyJyZXNpemUiOnt9fX0=/images/product_images/zoom_1_Product_3378872222927-Sephora-Collection-Best-Skin-Ever-Ma_e369ce7f0d8936347751f4c4720591c5499a1905_1732622652.png?o=clean,Sephora Collection,makeup,2025-11-12 05:59:41,2025-11-12 05:59:41,
12,,,Airbrush Flawless Mini Setting Spray Kit (Holiday Limited Edition),RM165.00,,[],,,,https://www.sephora.my/products/charlotte-tilbury-airbrush-flawless-mini-setting-spray-kit-holiday-limited-edition/v/default,https://image-optimizer-reg.production.sephora-asia.net/eyJlZGl0cyI6eyJyZXNpemUiOnt9fX0=/images/product_images/zoom_1_Product_5056446653633-Charlotte-Tilbury-Airbrush-Flawless-_166da31939a892d7247eae279702d81ba413838d_1759231152.png,Charlotte Tilbury,makeup,2025-11-12 05:59:41,2025-11-12 05:59:41,
13,,,Major Headlines Double-Take Creme & Powder Blush,RM190.00,,"[""Only at Sephora""]",,,,https://www.sephora.my/products/patrick-ta-major-headlines-double-take-creme-and-powder-blush/v/just-enough,https://image-optimizer-reg.production.sephora-asia.net/eyJlZGl0cyI6eyJyZXNpemUiOnt9fX0=/images/product_images/zoom_1_Product_843628140136-Patrick-Ta-Major-Headlines-Double-Tak_4635e22de2f49036569be13bb0884d7f7bcf0ce0_1711022577.png,Patrick Ta,makeup,2025-11-12 05:59:41,2025-11-12 05:59:41,
14,,,Kindness Cafe Collector's Set (Holiday Limited Edition),RM240.00,,"[""Only at Sephora""]",,,,https://www.sephora.my/products/tarte-kindness-cafe-collectors-set-holiday-limited-edition/v/default,https://image-optimizer-reg.production.sephora-asia.net/eyJlZGl0cyI6eyJyZXNpemUiOnt9fX0=/images/product_images/zoom_1_Product_197689041421-Tarte-Kindness-Cafe-Collectors-Makeup_681efa3ac4639084b1cd68a1a1c110549270f4c6_1759307073.png,tarte,makeup,2025-11-12 05:59:41,2025-11-12 05:59:41,
15,,,Easy Bake Loose Powder Mini,RM125.00,,"[""Only at Sephora""]",,,,https://www.sephora.my/products/huda-beauty-easy-bake-loose-powder-mini/v/banana-bread,https://image-optimizer-reg.production.sephora-asia.net/eyJlZGl0cyI6eyJyZXNpemUiOnt9fX0=/images/product_images/zoom_1_Product_6294018406549-Huda-Beauty-Easy-Bake-Loose-Powder-M_47e51db030b1b001741c42a40c1451149f665ef8_1751022366.png,Huda Beauty,makeup,2025-11-12 05:59:41,2025-11-12 05:59:41,
16,,,Original Best Skin Ever Perfect Natural Finish Longwear Foundation,RM95.00RM66.5030% OFF,,"[""Only at Sephora""]",,,,https://www.sephora.my/products/sephora-collection-original-best-skin-ever-perfect-natural-finish-longwear-foundation/v/34-dot-5-n,https://image-optimizer-reg.production.sephora-asia.net/eyJlZGl0cyI6eyJyZXNpemUiOnt9fX0=/images/product_images/zoom_1_Product_3378872167990-Sephora-Collection-Best-Skin-Ever-Pe_6f008bac0c43cd24aff52ff78e3400ffacabf8c0_1708924137.png?o=clean,Sephora Collection,makeup,2025-11-12 05:59:41,2025-11-12 05:59:41,
17,,,Airbrush Flawless Setting Spray,RM280.00,,[],,,,https://www.sephora.my/products/charlotte-tilbury-airbrush-flawless-setting-spray/v/200ml,https://image-optimizer-reg.production.sephora-asia.net/eyJlZGl0cyI6eyJyZXNpemUiOnt9fX0=/images/product_images/zoom_1_Product_5056446624091-Charlotte-Tilbury-Airbrush-Flawless-_ed3ef74e9629319908c5af6a53c7bb7924067d6c_1724057044.png,Charlotte Tilbury,makeup,2025-11-12 05:59:41,2025-11-12 05:59:41,
18,,,Rouge Is Not My Name Matte Lipstick,RM64.00,,"[""Only at Sephora""]",,,,https://www.sephora.my/products/sephora-collection-rouge-is-not-my-name-matte-lipstick/v/02-too-good-to-be-true,https://image-optimizer-reg.production.sephora-asia.net/eyJlZGl0cyI6eyJyZXNpemUiOnt9fX0=/images/product_images/zoom_1_Product_3378872223894-Sephora-Collection-Rouge-Is-Not-My-N_4d823c72ca2e2bdf015285fb4d42fbfd493880db_1708924498.png?o=clean,Sephora Collection,makeup,2025-11-12 05:59:41,2025-11-12 05:59:41,
19,,,Blush Is Life Mini Trio (Holiday Limited-Edition),RM140.00,,[],,,,https://www.sephora.my/products/kosas-blush-is-life-mini-trio-holiday-limited-edition/v/default,https://image-optimizer-reg.production.sephora-asia.net/eyJlZGl0cyI6eyJyZXNpemUiOnt9fX0=/images/product_images/zoom_1_Product_810021898322-Kosas-Blush-Is-Life-Mini-Trio-Holiday_2665563bb707ad064330aafa4b4d541b03feec93_1758085912.png?o=clean,Kosas,makeup,2025-11-12 05:59:41,2025-11-12 05:59:41,
20,,,Award Winners Duo (Holiday Limited Edition),RM139.00,,"[""Only at Sephora""]",,,,https://www.sephora.my/products/tarte-award-winners-duo-holiday-limited-edition/v/16n-fair-light-neutral,https://image-optimizer-reg.production.sephora-asia.net/eyJlZGl0cyI6eyJyZXNpemUiOnt9fX0=/images/product_images/zoom_1_Product_197689046365-tarte-Award-Winners-Duo-Holiday-Limit_11b478ca77df18d1877b9ad12c7aebf3b65a8d2f_1759230393.png,tarte,makeup,2025-11-12 05:59:41,2025-11-12 05:59:41,
21,,,8H Colorful Lip Liner,RM46.00,,"[""Only at Sephora""]",,,,https://www.sephora.my/products/sephora-collection-8h-colorful-lip-liner/v/01-pink-frosting,https://image-optimizer-reg.production.sephora-asia.net/eyJlZGl0cyI6eyJyZXNpemUiOnt9fX0=/images/product_images/zoom_1_Product_3378872252009-Sephora-Collection-8H-Colorful-Lip-L_1558a3ee0a95d56b9654e13ba3cd3aba2401ebd9_1744978156.png,Sephora Collection,makeup,2025-11-12 05:59:41,2025-11-12 05:59:41,
22,,,Outrageous Plump Lip Gloss,RM67.00,,"[""Only at Sephora""]",,,,https://www.sephora.my/products/sephora-collection-outrageous-plump-lip-gloss/v/01-universal-volume,https://image-optimizer-reg.production.sephora-asia.net/eyJlZGl0cyI6eyJyZXNpemUiOnt9fX0=/images/product_images/zoom_1_Product_3378872136996-Sephora-Collection-Outrageous-Plump-_50d4da46463cff765da3537169dd238d60ec22d1_1708922386.png?o=clean,Sephora Collection,makeup,2025-11-12 05:59:41,2025-11-12 05:59:41,
23,,,12H Retractable Waterproof Eyeliner,RM60.00,,"[""Only at Sephora""]",,,,https://www.sephora.my/products/sephora-collection-12h-retractable-waterproof-eyeliner/v/01-matte-black,https://image-optimizer-reg.production.sephora-asia.net/eyJlZGl0cyI6eyJyZXNpemUiOnt9fX0=/images/product_images/zoom_2_Product_3378872179610-Sephora-Collection-Waterproof-12H-Re_60b47b2c2aafdd5fd3d995ebb5d3377d98217fe9_1724055838.png?o=clean,Sephora Collection,makeup,2025-11-12 05:59:41,2025-11-12 05:59:41,
24,,,Glossy Lip Duo (Holiday Limited Edition),RM110.00,,[],,,,https://www.sephora.my/products/charlotte-tilbury-glossy-lip-duo-holiday-limited-edition/v/pillow-talk,https://image-optimizer-reg.production.sephora-asia.net/eyJlZGl0cyI6eyJyZXNpemUiOnt9fX0=/images/product_images/zoom_1_Product_5056446655323-Charlotte-Tilbury-Glossy-Lip-Duo-Hol_52917b0ed8964b3fe4fb82e2401c871e60137944_1759231039.png,Charlotte Tilbury,makeup,2025-11-12 05:59:41,2025-11-12 05:59:41,
25,,,Velvet Lips Mini Lip Velvet Duo (Holiday Limited Edition),RM136.00,,"[""NEW | Only at Sephora""]",,,,https://www.sephora.my/products/anastasia-beverly-hills-velvet-lips-mini-lip-velvet-duo-holiday-limited-edition/v/pure-hollywood-plus-kiss,https://image-optimizer-reg.production.sephora-asia.net/eyJlZGl0cyI6eyJyZXNpemUiOnt9fX0=/images/product_images/zoom_1_Product_689304870627-Anastasia-Beverly-Hills-Velvet-Lips-M_d1553a8411251d606e7fad1f0a84ab0f08ee0d81_1760352200.png,Anastasia Beverly Hills,makeup,2025-11-12 05:59:41,2025-11-12 05:59:41,
26,,,Easy Bake Loose Powder,RM210.00,,"[""Only at Sephora""]",,,,https://www.sephora.my/products/huda-beauty-setting-powder/v/banana-bread,https://image-optimizer-reg.production.sephora-asia.net/eyJlZGl0cyI6eyJyZXNpemUiOnt9fX0=/images/product_images/zoom_1_Product_6291106032284-Huda-Beauty-Easy-Bake-Loose-Powder-B_6bb87f3a2b4ca4bbeb19ad9f8fb742b0844c0fa1_1747828581.png,Huda Beauty,makeup,2025-11-12 05:59:41,2025-11-12 05:59:41,
27,,,Original Best Skin Ever High Coverage Concealer,RM75.00RM52.5030% OFF,,"[""Only at Sephora""]",,,,https://www.sephora.my/products/sephora-collection-original-best-skin-ever-high-coverage-concealer/v/t40,https://image-optimizer-reg.production.sephora-asia.net/eyJlZGl0cyI6eyJyZXNpemUiOnt9fX0=/images/product_images/zoom_1_Product_3378872168362-Sephora-Collection-Best-Skin-Ever-Hi_cd7cecab6a0aac4c2049f71b7ae49bf1dccd603e_1708924223.png?o=clean,Sephora Collection,makeup,2025-11-12 05:59:41,2025-11-12 05:59:41,
28,,,Nail Polish,RM27.00RM13.5050% OFF,,"[""Only at Sephora""]",,,,https://www.sephora.my/products/sephora-collection-nail-polish/v/803-warm-tan,https://image-optimizer-reg.production.sephora-asia.net/eyJlZGl0cyI6eyJyZXNpemUiOnt9fX0=/images/product_images/zoom_1_Product_3378872231363-Sephora-Collection-Nail-Polish-803-W_515503a3da705f74bd6b099fd048e5b81767f832_1709293337.png?o=clean,Sephora Collection,makeup,2025-11-12 05:59:41,2025-11-12 05:59:41,
29,,,Matte & Satin Velvet Lipstick,RM129.00RM103.2020% OFF,,"[""Only at Sephora""]",,,,https://www.sephora.my/products/anastasia-beverly-hills-matte-and-satin-velvet-lipstick/v/american-doll-matte,https://image-optimizer-reg.production.sephora-asia.net/eyJlZGl0cyI6eyJyZXNpemUiOnt9fX0=/images/product_images/zoom_1_Product_689304186834-Anastasia-Beverly-Hills-Matte-Satin-Velvet-Lipstick-American-Doll_22d486da8ba5faacc8c795271b8489ade63de76b_1649876250.png,Anastasia Beverly Hills,makeup,2025-11-12 05:59:41,2025-11-12 05:59:41,
30,,,Soft Pinch Liquid Blush,RM135.00,,"[""Only at Sephora""]",,,,https://www.sephora.my/products/rare-beauty-soft-pinch-liquid-blush/v/believe,https://image-optimizer-reg.production.sephora-asia.net/eyJlZGl0cyI6eyJyZXNpemUiOnt9fX0=/images/product_images/zoom_1_Product_840122904943-Rare-Beauty-Soft-Pinch-Liquid-Blush-Believe_a4b49f939fba9156f4323b85594598e3d3d71fc0_1640617036.png,Rare Beauty,makeup,2025-11-12 05:59:41,2025-11-12 05:59:41,
31,,,Nano Lip Liner,RM34.00,,"[""Only at Sephora""]",,,,https://www.sephora.my/products/sephora-collection-nano-lip-liner/v/03-classic-red,https://image-optimizer-reg.production.sephora-asia.net/eyJlZGl0cyI6eyJyZXNpemUiOnt9fX0=/images/product_images/zoom_8970_SephoraCollection_WEB_af2b9d23b12e9cc347ed948433fc5e06cde428aa_1523791380.png?o=clean,Sephora Collection,makeup,2025-11-12 05:59:41,2025-11-12 05:59:41,
32,,,Glam Essentials Must-Haves Set,RM145.00,,"[""Only at Sephora""]",,,,https://www.sephora.my/products/tarte-glam-essentials-must-haves-set/v/default,https://image-optimizer-reg.production.sephora-asia.net/eyJlZGl0cyI6eyJyZXNpemUiOnt9fX0=/images/product_images/zoom_1_Product_197689039589-tarte-Glam-Essentials-Must-Haves-Set-_9c198c58b397dfb854738fbbd52386169d7d90df_1742299564.png,tarte,makeup,2025-11-12 05:59:41,2025-11-12 05:59:41,
33,,,Unseen Sunscreen SPF 50,RM195.00,,[],,,,https://www.sephora.my/products/supergoop-unseen-sunscreen-spf-50/v/50ml,https://image-optimizer-reg.production.sephora-asia.net/eyJlZGl0cyI6eyJyZXNpemUiOnt9fX0=/images/product_images/zoom_1_Product_816218028817-Supergoop-Unseen-Sunscreen-SPF-50-50m_9233e503364edf9f08724c801c8688355d25cd72_1740570444.png,Supergoop!,makeup,2025-11-12 05:59:41,2025-11-12 05:59:41,
34,,,Organic Cotton Pads,RM15.00,,"[""Only at Sephora""]",,,,https://www.sephora.my/products/sephora-collection-organic-cotton-pads/v/default,https://image-optimizer-reg.production.sephora-asia.net/eyJlZGl0cyI6eyJyZXNpemUiOnt9fX0=/images/product_images/zoom_1_Product_3378872140184-Sephora-Collection-Organic-Cotton-Pads-_95fe9e59b00c509565eda6f56ed4a07c1836eb79_1566293521.png,Sephora Collection,makeup,2025-11-12 05:59:41,2025-11-12 05:59:41,
35,,,Soft Pinch Dewy Liquid Blush Mini (Limited Edition),RM80.00,,"[""Only at Sephora""]",,,,https://www.sephora.my/products/rare-beauty-soft-pinch-dewy-liquid-blush-mini-limited-edition/v/grateful,https://image-optimizer-reg.production.sephora-asia.net/eyJlZGl0cyI6eyJyZXNpemUiOnt9fX0=/images/product_images/zoom_1_Product_840122901669-Rare-Beauty-Soft-Pinch-Dewy-Liquid-Bl_a152be40c320bf376908cccc2c35cf7935fa688a_1713269038.png,Rare Beauty,makeup,2025-11-12 05:59:41,2025-11-12 05:59:41,
36,,,Glaze Craze Tinted Lip Serum,RM85.00,,[],,,,https://www.sephora.my/products/laneige-glaze-craze-tinted-lip-serum/v/cinnamon-sugar,https://image-optimizer-reg.production.sephora-asia.net/eyJlZGl0cyI6eyJyZXNpemUiOnt9fX0=/images/product_images/zoom_1_Product_8809925177444-Laneige-Glaze-Craze-Tinted-Lip-Serum_4a6181cf9d683fb8ee3086237340515d2ae1f365_1743666288.png,LANEIGE,makeup,2025-11-12 05:59:41,2025-11-12 05:59:41,
37,,,Radiant Creamy Concealer,RM145.00,,[],,,,https://www.sephora.my/products/nars-radiant-creamy-concealer/v/cafe-con-leche,https://image-optimizer-reg.production.sephora-asia.net/eyJlZGl0cyI6eyJyZXNpemUiOnt9fX0=/images/product_images/zoom_1_Product_607845012252-NARS-Radiant-Creamy-Concealer-Cafe-Co_53dbdcc3b60b356c03b7746a0704b32378301177_1710849733.png,NARS,makeup,2025-11-12 05:59:41,2025-11-12 05:59:41,
38,,,Spice Eyeshadow Palette Mini,RM165.00,,"[""Only at Sephora""]",,,,https://www.sephora.my/products/anastasia-beverly-hills-spice-eyeshadow-palette-mini/v/default,https://image-optimizer-reg.production.sephora-asia.net/eyJlZGl0cyI6eyJyZXNpemUiOnt9fX0=/images/product_images/zoom_1_Product_689304199810-Anastasia-Beverly-Hills-Spice-Eyeshad_287f0d01b81d32e46576a52bca38fc59a82868ff_1727697207.png,Anastasia Beverly Hills,makeup,2025-11-12 05:59:41,2025-11-12 05:59:41,
39,,,Lip Liner,RM118.00RM94.4020% OFF,,"[""Only at Sephora""]",,,,https://www.sephora.my/products/anastasia-beverly-hills-lip-liner/v/amethyst,https://image-optimizer-reg.production.sephora-asia.net/eyJlZGl0cyI6eyJyZXNpemUiOnt9fX0=/images/product_images/zoom_1_Product_689304333153-Anastasia-Beverly-Hills-Lip-Liner-Ame_6507b2fcb8e89ff3976ed5f7c8dc870e152e88ec_1756724063.png,Anastasia Beverly Hills,makeup,2025-11-12 05:59:41,2025-11-12 05:59:41,
40,,,All Nighter Setting Spray,RM170.00,,[],,,,https://www.sephora.my/products/urban-decay-all-nighter-setting-spray/v/118ml,https://image-optimizer-reg.production.sephora-asia.net/eyJlZGl0cyI6eyJyZXNpemUiOnt9fX0=/images/product_images/zoom_1_Product_3605971305887-Urban-Decay-All-Nighter-Setting-Spra_463b8b8cccafe7c688fbfb8705a451819d3dee09_1735903685.png,Urban Decay,makeup,2025-11-12 05:59:41,2025-11-12 05:59:41,
41,,,Addict Lip Glow Lip Balm,RM180.00,,[],,,,https://www.sephora.my/products/dior-addict-lip-glow-lip-balm/v/000-universal-clear,https://image-optimizer-reg.production.sephora-asia.net/eyJlZGl0cyI6eyJyZXNpemUiOnt9fX0=/images/product_images/zoom_1_Product_3348901737432-DIOR-Addict-Lip-Glow-Lip-Balm-000-Un_1424dadc92dad7886e1aea042c95bc8b16506906_1734091348.png,DIOR,makeup,2025-11-12 05:59:41,2025-11-12 05:59:41,
42,,,Midnight Minis Set (Holiday Limited Edition),RM90.00,,[],,,,https://www.sephora.my/products/laneige-midnight-minis-set-holiday-limited-edition/v/default,https://image-optimizer-reg.production.sephora-asia.net/eyJlZGl0cyI6eyJyZXNpemUiOnt9fX0=/images/product_images/zoom_1_Product_8800283653021-Laneige-Midnight-Minis-Set-Holiday-L_434b0d0a3e34b3a7f1c35257e35222ec90fa00dd_1758538435.png,LANEIGE,makeup,2025-11-12 05:59:41,2025-11-12 05:59:41,
43,,,Original Translucent Loose Setting Powder,RM95.00RM66.5030% OFF,,"[""Only at Sephora""]",,,,https://www.sephora.my/products/sephora-collection-original-translucent-loose-setting-powder/v/15g,https://image-optimizer-reg.production.sephora-asia.net/eyJlZGl0cyI6eyJyZXNpemUiOnt9fX0=/images/product_images/zoom_1_Product_3378872232117-Sephora-Collection-Translucent-Loose_d9eb03bdeb9b546fc11860693a9753543cf709a2_1717152178.png?o=clean,Sephora Collection,makeup,2025-11-12 05:59:41,2025-11-12 05:59:41,
44,,,Soft Pinch Cheek & Lip Trio (Holiday Limited Edition),RM177.00,,"[""Only at Sephora""]",,,,https://www.sephora.my/products/rare-beauty-soft-pinch-cheek-and-lip-trio-holiday-limited-edition/v/default,https://image-optimizer-reg.production.sephora-asia.net/eyJlZGl0cyI6eyJyZXNpemUiOnt9fX0=/images/product_images/zoom_1_Product_840122907586-Rare-Beauty-Soft-Pinch-Cheek-Lip-Trio_12c8a919552125e9463a4ef2d78cffe7273b2376_1759231597.png,Rare Beauty,makeup,2025-11-12 05:59:41,2025-11-12 05:59:41,
45,,,Translucent/ Pink The Ultimate Blurred & Bright Setting Powder Duo (Holiday Limited Edition),RM125.00,,"[""NEW | Only at Sephora""]",,,,https://www.sephora.my/products/one-size-translucent-slash-pink-the-ultimate-blurred-and-bright-setting-powder-duo-holiday-limited-edition/v/default,https://image-optimizer-reg.production.sephora-asia.net/eyJlZGl0cyI6eyJyZXNpemUiOnt9fX0=/images/product_images/zoom_1_Product_810041817297-OneSize-Translucent-Pink-The-Ultimate_67e07f6c61d6f9f9a1b09cfc747e2a611eede341_1758192742.png,ONE/SIZE,makeup,2025-11-12 05:59:41,2025-11-12 05:59:41,
46,,,Airbrush Flawless Finish Refillable,RM235.00,,[],,,,https://www.sephora.my/products/charlotte-tilbury-airbrush-flawless-finish-refillable/v/tan,https://image-optimizer-reg.production.sephora-asia.net/eyJlZGl0cyI6eyJyZXNpemUiOnt9fX0=/images/product_images/zoom_1_Product_5056446607865-CHARLOTTE-TILBURY-Airbrush-Flawless-_95a37fdd441727e882242cedfa809513c776336a_1724054003.png,Charlotte Tilbury,makeup,2025-11-12 05:59:41,2025-11-12 05:59:41,
47,,,Pillow Talk™ Iconic Lip And Cheek Kit (Holiday Limited Edition),RM165.00,,[],,,,https://www.sephora.my/products/charlotte-tilbury-pillow-talk-iconic-lip-and-cheek-kit-holiday-limited-edition/v/default,https://image-optimizer-reg.production.sephora-asia.net/eyJlZGl0cyI6eyJyZXNpemUiOnt9fX0=/images/product_images/zoom_1_Product_5056446655309-Charlotte-Tilbury-Pillow-Talk-Iconic_bb26acb52314b7c0da0757d2891e97140172cda8_1759231067.png,Charlotte Tilbury,makeup,2025-11-12 05:59:41,2025-11-12 05:59:41,
48,,,Fox Ambient Lighting Edit Face Palette (Holiday Limited Edition),RM489.00,,"[""Only at Sephora""]",,,,https://www.sephora.my/products/hourglass-fox-ambient-lighting-edit-face-palette-holiday-limited-edition/v/default,https://image-optimizer-reg.production.sephora-asia.net/eyJlZGl0cyI6eyJyZXNpemUiOnt9fX0=/images/product_images/zoom_1_Product_810063696665-Hourglass-Fox-Ambient-Lighting-Edit-F_b1718286f21b9472a790560be485606cbde9d7e9_1759307502.png,Hourglass,makeup,2025-11-12 05:59:41,2025-11-12 05:59:41,
49,,,Light Reflecting Foundation,RM235.00,,[],,,,https://www.sephora.my/products/nars-light-reflecting-foundation/v/barcelona,https://image-optimizer-reg.production.sephora-asia.net/eyJlZGl0cyI6eyJyZXNpemUiOnt9fX0=/images/product_images/zoom_1_Product_194251070667-Nars-Light-Reflecting-Foundation-Barcelona_651f032f914e0b88725beabe1c170ed35c19069c_1664026300.png,NARS,makeup,2025-11-12 05:59:41,2025-11-12 05:59:41,
50,,,#FauxFilter Color Corrector Mini,RM85.00,,"[""Only at Sephora""]",,,,https://www.sephora.my/products/huda-beauty-number-fauxfilter-color-corrector-mini/v/cherry-blossom,https://image-optimizer-reg.production.sephora-asia.net/eyJlZGl0cyI6eyJyZXNpemUiOnt9fX0=/images/product_images/zoom_1_Product_6294018407355-Huda-Beauty-FauxFilter-Color-Correct_c71294a9204b011becf662271f45b319fbba1159_1751424499.png,Huda Beauty,makeup,2025-11-12 05:59:41,2025-11-12 05:59:41,
51,,,Lip & Cheek Ornament Balm (Holiday Limited Edition),RM24.00,,"[""NEW | Only at Sephora""]",,,,https://www.sephora.my/products/sephora-collection-lip-and-cheek-ornament-balm-holiday-limited-edition/v/5g,https://image-optimizer-reg.production.sephora-asia.net/eyJlZGl0cyI6eyJyZXNpemUiOnt9fX0=/images/product_images/zoom_1_Product_3378872259107-Sephora-Collection-Lip--Cheek-Orname_896de882fc2557c35ed6f9de9223a02ef5fdc776_1760522025.png,Sephora Collection,makeup,2025-11-12 05:59:41,2025-11-12 05:59:41,
52,,,Positive Light Silky Touch Highlighter,RM145.00,,"[""Only at Sephora""]",,,,https://www.sephora.my/products/rare-beauty-positive-light-silky-touch-highlighter/v/enlighten,https://image-optimizer-reg.production.sephora-asia.net/eyJlZGl0cyI6eyJyZXNpemUiOnt9fX0=/images/product_images/zoom_1_Product_840122905414-Rare-Beauty-Positive-Light-Silky-Touch-Highlighter-Enlighten_533f437452ef13cfc2fd686485237d6b1943fa6c_1669645525.png,Rare Beauty,makeup,2025-11-12 05:59:41,2025-11-12 05:59:41,
53,,,Addict Lip Maximizer Plumping Gloss,RM180.00,,[],,,,https://www.sephora.my/products/dior-addict-lip-maximizer-plumping-gloss/v/001-pink,https://image-optimizer-reg.production.sephora-asia.net/eyJlZGl0cyI6eyJyZXNpemUiOnt9fX0=/images/product_images/zoom_1_Product_3348901635998-DIOR-Addict-Lip-Maximizer-Plumping-Gloss-001-Pink_6aca38507d154fae0a8b0c73d091593ff2af1808_1672030006.png,DIOR,makeup,2025-11-12 05:59:41,2025-11-12 05:59:41,
54,,,Mini Viral Beauty Icons Set (Holiday Limited Edition),RM252.00,,[],,,,https://www.sephora.my/products/charlotte-tilbury-mini-viral-beauty-icons-set-holiday-limited-edition/v/default,https://image-optimizer-reg.production.sephora-asia.net/eyJlZGl0cyI6eyJyZXNpemUiOnt9fX0=/images/product_images/zoom_1_Product_5056446655385-Charlotte-Tilbury-Mini-Viral-Beauty-_84eb9f326cf5cf3882fd4dcab7207947056f4d23_1759230983.png,Charlotte Tilbury,makeup,2025-11-12 05:59:41,2025-11-12 05:59:41,
55,,,Easy Bake Loose Powder Duo,RM210.00,,"[""NEW | Only at Sephora""]",,,,https://www.sephora.my/products/huda-beauty-easy-bake-loose-powder-duo/v/cherry-peach,https://image-optimizer-reg.production.sephora-asia.net/eyJlZGl0cyI6eyJyZXNpemUiOnt9fX0=/images/product_images/zoom_1_Product_6294018408550-Huda-Beauty-Easy-Bake-Duo-Cherry-Pea_6117a1194e5892b2858494e472f07a7ec7fab8dc_1760348133.png,Huda Beauty,makeup,2025-11-12 05:59:41,2025-11-12 05:59:41,
56,,,Colored Clay CC Undereye Corrector,RM122.00,,"[""Only at Sephora""]",,,,https://www.sephora.my/products/tarte-colored-clay-cc-undereye-corrector/v/medium-tan,https://image-optimizer-reg.production.sephora-asia.net/eyJlZGl0cyI6eyJyZXNpemUiOnt9fX0=/images/product_images/zoom_1_Product_846733010011-tarte-Colored-Clay-CC-Undereye-Correc_23047fef0ed0daa73727402d56e33ad9dd8ab6ba_1718711925.png,tarte,makeup,2025-11-12 05:59:41,2025-11-12 05:59:41,
57,,,Ultime8∞ Sublime Beauty Cleansing Oil,RM485.00,,[],,,,https://www.sephora.my/products/shu-uemura-ultime8-sublime-beauty-cleansing-oil-38388/v/450-ml,https://image-optimizer-reg.production.sephora-asia.net/eyJlZGl0cyI6eyJyZXNpemUiOnt9fX0=/images/product_images/zoom_1_Product_4936968814365-Shu-Uemura-Ultime8-Sublime-Beauty-Cl_da2d80c2bea8b4b39f27682d96f1ad661b8702fd_1737461040.png,Shu Uemura,makeup,2025-11-12 05:59:41,2025-11-12 05:59:41,
58,,,Color Shifter Strange Botanicals Eyeshadow Palette Mini,RM85.00RM42.5050% OFF,,"[""Only at Sephora""]",,,,https://www.sephora.my/products/sephora-collection-color-shifter-strange-botanicals-eyeshadow-palette-mini/v/freaky-pink-rose,https://image-optimizer-reg.production.sephora-asia.net/eyJlZGl0cyI6eyJyZXNpemUiOnt9fX0=/images/product_images/zoom_1_Product_3378872231097-Sephora-Collection-Color-Shifter-Str_0f191842f890123893133851dab253c6dcf2c204_1709293288.png,Sephora Collection,makeup,2025-11-12 05:59:41,2025-11-12 05:59:41,
59,,,Glowy Lip Minis Set (Holiday Limited Edition),RM100.00,,[],,,,https://www.sephora.my/products/laneige-glowy-lip-minis-set-holiday-limited-edition/v/default,https://image-optimizer-reg.production.sephora-asia.net/eyJlZGl0cyI6eyJyZXNpemUiOnt9fX0=/images/product_images/zoom_1_Product_8800283653014-Laneige-Glowy-Lip-Minis-Set-Holiday-_304e09ceb139311d4d6d5b478dd13c65522aaf31_1758538410.png,LANEIGE,makeup,2025-11-12 05:59:41,2025-11-12 05:59:41,
60,,,Loveshine Set (Holiday Limited Edition),RM290.00,,[],,,,https://www.sephora.my/products/yves-saint-laurent-loveshine-set-holiday-limited-edition/v/default,https://image-optimizer-reg.production.sephora-asia.net/eyJlZGl0cyI6eyJyZXNpemUiOnt9fX0=/images/product_images/zoom_1_Product_3614274643336-Yves-Saint-Laurent-Loveshine-Set-Hol_5dd4694905563756446de016cda7b1eb61dc5670_1754908848.png,Yves Saint Laurent,makeup,2025-11-12 05:59:41,2025-11-12 05:59:41,
61,,,Gloss Bomb Stix High-Shine Gloss Stick,RM131.00,,"[""Only at Sephora""]",,,,https://www.sephora.my/products/fenty-beauty-gloss-bomb-stix-high-shine-gloss-stick/v/blazd-donut,https://image-optimizer-reg.production.sephora-asia.net/eyJlZGl0cyI6eyJyZXNpemUiOnt9fX0=/images/product_images/zoom_1_Product_840026668026-Fenty-Beauty-Gloss-Bomb-Stix-BlazD-Do_ba0ed74d56818ec223e05ba2e95f9f160e760724_1720439567.png,Fenty Beauty,makeup,2025-11-12 05:59:41,2025-11-12 05:59:41,
62,,,"Fenty's Finest 3-Piece Face, Eye + Lip Kit (Holiday Limited Edition)",RM190.00,,"[""Only at Sephora""]",,,,https://www.sephora.my/products/fenty-beauty-fentys-finest-3-piece-face-eye-plus-lip-kit-holiday-limited-edition/v/default,https://image-optimizer-reg.production.sephora-asia.net/eyJlZGl0cyI6eyJyZXNpemUiOnt9fX0=/images/product_images/zoom_1_Product_840026680264-Fenty-Beauty-Fentys-Finest-3-Piece-Fa_5d0e992db3293d17b1248226aa0562f12af34653_1758788374.png,Fenty Beauty,makeup,2025-11-12 05:59:41,2025-11-12 05:59:41,
63,,,Liquid Matte Ultra-Comfort Transfer-Proof Lipstick,RM128.00,,"[""Only at Sephora""]",,,,https://www.sephora.my/products/huda-beauty-liquid-matte-ultra-comfort-transfer-proof-lipstick/v/slaytina,https://image-optimizer-reg.production.sephora-asia.net/eyJlZGl0cyI6eyJyZXNpemUiOnt9fX0=/images/product_images/zoom_2_Product_6291107571775-Huda-Beauty-Liquid-Matte-Ultra-Comfort-Transfer-Proof-Lipstick-Sla_dca67fe1a3eefc11b97c50a0808ce80f2c179206_1640245923.png,Huda Beauty,makeup,2025-11-12 05:59:41,2025-11-12 05:59:41,
64,,,Make Me Blush Bold Blurring Powder Blush,RM250.00,,[],,,,https://www.sephora.my/products/yves-saint-laurent-make-me-blush-bold-blurring-powder-blush/v/42-babydoll-pink,https://image-optimizer-reg.production.sephora-asia.net/eyJlZGl0cyI6eyJyZXNpemUiOnt9fX0=/images/product_images/zoom_1_Product_3614274254396-Yves-Saint-Laurent-Make-Me-Blush-Bol_53ee5521376ce1746f8a823ccdc04683faab3f3d_1737633704.png,Yves Saint Laurent,makeup,2025-11-12 05:59:41,2025-11-12 05:59:41,
65,,,Shape Tape™ Creamy Concealer,RM142.00,,"[""Only at Sephora""]",,,,https://www.sephora.my/products/tarte-shape-tape-creamy-concealer/v/08b-porcelain-beige,https://image-optimizer-reg.production.sephora-asia.net/eyJlZGl0cyI6eyJyZXNpemUiOnt9fX0=/images/product_images/zoom_1_Product_846733046225-tarte-Shape-Tape-Ultra-Creamy-Conceal_e9e4214d633804d067ca2095df02fa0a0d23cb05_1708924619.png,tarte,makeup,2025-11-12 05:59:41,2025-11-12 05:59:41,
66,,,Shape Tape Contour Concealer,RM142.00,,"[""Only at Sephora""]",,,,https://www.sephora.my/products/tarte-shape-tape-contour-concealer/v/8b-porcelain-beige,https://image-optimizer-reg.production.sephora-asia.net/eyJlZGl0cyI6eyJyZXNpemUiOnt9fX0=/images/product_images/zoom_1_Product_846733030309-tarte-Shape-Tape-Contour-Concealer-8B_059c0565a7480933cdb4aaed3c634ed4d411f420_1708924575.png,tarte,makeup,2025-11-12 05:59:41,2025-11-12 05:59:41,
67,,,Original Retractable Waterproof Brow Pencil,RM61.00,,"[""Only at Sephora""]",,,,https://www.sephora.my/products/sephora-collection-original-retractable-waterproof-brow-pencil/v/02-nutmeg-brown,https://image-optimizer-reg.production.sephora-asia.net/eyJlZGl0cyI6eyJyZXNpemUiOnt9fX0=/images/product_images/zoom_1_Product_3378872136903-Sephora-Collection-Retractable-Waterproof-Brow-Pencil-02-Nutmeg-Br_6b9ccc9aec0e3ff31bd532201ad81ad9e5dc1384_1580440722.png?o=clean,Sephora Collection,makeup,2025-11-12 05:59:41,2025-11-12 05:59:41,
68,,,Airbrush Flawless Foundation,RM235.00,,[],,,,https://www.sephora.my/products/charlotte-tilbury-airbrush-flawless-foundation/v/1-cool,https://image-optimizer-reg.production.sephora-asia.net/eyJlZGl0cyI6eyJyZXNpemUiOnt9fX0=/images/product_images/zoom_1_Product_5056446654692-Charlotte-Tilbury-Airbrush-Flawless-_2c82071e5f4e62c66876912b78d7b64618ec14e1_1750416961.png,Charlotte Tilbury,makeup,2025-11-12 05:59:41,2025-11-12 05:59:41,
69,,,On Til Dawn Setting Spray,RM175.00,,"[""Only at Sephora""]",,,,https://www.sephora.my/products/one-size-on-til-dawn-setting-spray/v/143ml,https://image-optimizer-reg.production.sephora-asia.net/eyJlZGl0cyI6eyJyZXNpemUiOnt9fX0=/images/product_images/zoom_1_Product_810041811042-OneSize-On-Til-Dawn-Setting-Spray-143ml_1f387ed9affc3976bd69348f4237328e12f6958b_1635170132.png,ONE/SIZE,makeup,2025-11-12 05:59:41,2025-11-12 05:59:41,
70,,,#FauxFilter Color Corrector,RM160.00,,"[""Only at Sephora""]",,,,https://www.sephora.my/products/huda-beauty-number-fauxfilter-color-corrector/v/cherry-blossom,https://image-optimizer-reg.production.sephora-asia.net/eyJlZGl0cyI6eyJyZXNpemUiOnt9fX0=/images/product_images/zoom_1_Product_6294018404613-Huda-Beauty-FauxFilter-Color-Correct_1445683e47cd0bc7633c457a652e8a5d74e934ce_1762427688.png,Huda Beauty,makeup,2025-11-12 05:59:41,2025-11-12 05:59:41,
71,,,Matte Revolution Lipstick,RM160.00,,[],,,,https://www.sephora.my/products/charlotte-tilbury-matte-revolution-lipstick/v/catwalking,https://image-optimizer-reg.production.sephora-asia.net/eyJlZGl0cyI6eyJyZXNpemUiOnt9fX0=/images/product_images/zoom_1_Product_5056446642835-Charlotte-Tilbury-Matte-Revolution-L_761fd6a061adfee2b336138db50e767d990e20e4_1734609727.png,Charlotte Tilbury,makeup,2025-11-12 05:59:41,2025-11-12 05:59:41,
72,,,M·A·Cximal Silky Matte Lipstick Mini,RM85.00,,[],,,,https://www.sephora.my/products/mac-cosmetics-m-star-a-star-cximal-silky-matte-lipstick-mini/v/chili,https://image-optimizer-reg.production.sephora-asia.net/eyJlZGl0cyI6eyJyZXNpemUiOnt9fX0=/images/product_images/zoom_1_Product_773602697014-MAC-Cosmetics-M-A-Cximal-Silky-Matte-_2f40f4e48a84c0596c39741f4e3776348c22d29b_1719576117.png,MAC Cosmetics,makeup,2025-11-12 05:59:41,2025-11-12 05:59:41,
73,,,Eyeshadow Primer Potion - Original,RM140.00,,[],,,,https://www.sephora.my/products/urban-decay-eyeshadow-primer-potion-original/v/10ml,https://image-optimizer-reg.production.sephora-asia.net/eyJlZGl0cyI6eyJyZXNpemUiOnt9fX0=/images/product_images/zoom_1_Product_3605970936099-Urban-decay-Eyeshadow-Primer-Potion---Original-Default_6aa2619a321cae7c278db4ccac221eda0f366bb0_1568020408.png,Urban Decay,makeup,2025-11-12 05:59:41,2025-11-12 05:59:41,
74,,,Rouge Is Not My Name No Transfer Matte Lipstick,RM65.00,,"[""Only at Sephora""]",,,,https://www.sephora.my/products/sephora-collection-rouge-is-not-my-name-no-transfer-matte-lipstick/v/01-perfect-line,https://image-optimizer-reg.production.sephora-asia.net/eyJlZGl0cyI6eyJyZXNpemUiOnt9fX0=/images/product_images/zoom_1_Product_3378870194776-Sephora-Collection-Rouge-Is-Not-My-N_79a0f9dfeb28e5dfabe32e280204b33e76926758_1755168151.png,Sephora Collection,makeup,2025-11-12 05:59:41,2025-11-12 05:59:41,
75,,,Soft Matte and Easy Lip Stain,RM67.00,,"[""Only at Sephora""]",,,,https://www.sephora.my/products/sephora-collection-soft-matte-and-easy-lip-stain/v/02-whatsoever,https://image-optimizer-reg.production.sephora-asia.net/eyJlZGl0cyI6eyJyZXNpemUiOnt9fX0=/images/product_images/zoom_1_Product_3378872212362-Sephora-Collection-Soft-Matte-and-Ea_dffb95f70446e810a417ed01e9a8a6cc455d511c_1708924448.png?o=clean,Sephora Collection,makeup,2025-11-12 05:59:41,2025-11-12 05:59:41,
76,,,Vanish Airbrush Concealer Mini,RM98.00,,"[""Only at Sephora""]",,,,https://www.sephora.my/products/hourglass-vanish-airbrush-concealer-mini/v/apricot,https://image-optimizer-reg.production.sephora-asia.net/eyJlZGl0cyI6eyJyZXNpemUiOnt9fX0=/images/product_images/zoom_1_Product_810063695927-Hourglass-Vanish-Airbrush-Concealer-M_d50d9faba63eb817430cf2e885e8f8327a6863b5_1746612727.png,Hourglass,makeup,2025-11-12 05:59:41,2025-11-12 05:59:41,
77,,,Easy Bake Setting Spray,RM175.00,,"[""Only at Sephora""]",,,,https://www.sephora.my/products/huda-beauty-easy-bake-setting-spray/v/100ml,https://image-optimizer-reg.production.sephora-asia.net/eyJlZGl0cyI6eyJyZXNpemUiOnt9fX0=/images/product_images/zoom_1_Product_6294018401964-Huda-Beauty-Easy-Bake-Setting-Spray-_f9a017fc4e41bc789ebe3eb7400cb311ffabfd16_1743138376.png,Huda Beauty,makeup,2025-11-12 05:59:41,2025-11-12 05:59:41,
78,,,Translucent Loose Setting Powder,RM250.00,,[],,,,https://www.sephora.my/products/laura-mercier-translucent-loose-setting-powder/v/translucent,https://image-optimizer-reg.production.sephora-asia.net/eyJlZGl0cyI6eyJyZXNpemUiOnt9fX0=/images/product_images/zoom_1_Product_736150000316-Laura-Mercier-Translucent-Loose-Setti_d2e17c86b238292ed2299d57ced4fddb5bcf7d94_1739448290.png,Laura Mercier,makeup,2025-11-12 05:59:41,2025-11-12 05:59:41,
79,,,Soft Matte Complete Foundation,RM185.00,,[],,,,https://www.sephora.my/products/nars-soft-matte-complete-foundation/v/siberia,https://image-optimizer-reg.production.sephora-asia.net/eyJlZGl0cyI6eyJyZXNpemUiOnt9fX0=/images/product_images/zoom_1_Product_194251003979-NARS-Soft-Matte-Complete-Foundation-Siberia_85aa9bed0419dd82a3b82f3a2cf3d57461baa99b_1601242818.png,NARS,makeup,2025-11-12 05:59:41,2025-11-12 05:59:41,
80,,,Vanish™ Airbrush Concealer,RM205.00,,"[""Only at Sephora""]",,,,https://www.sephora.my/products/hourglass-vanish-airbrush-concealer/v/apricot,https://image-optimizer-reg.production.sephora-asia.net/eyJlZGl0cyI6eyJyZXNpemUiOnt9fX0=/images/product_images/zoom_1_Product_877231009658-Hourglass-Vanish-Airbrush-Concealer-Apricot_3a766b76dcf5a479990021d04be2a08fa60f2ea1_1575518772.png,Hourglass,makeup,2025-11-12 05:59:41,2025-11-12 05:59:41,
81,,,Major Dimension Eyeshadow Duo,RM210.00,,"[""Only at Sephora""]",,,,https://www.sephora.my/products/patrick-ta-major-dimension-eyeshadow-duo/v/do-you-know-who-i-am,https://image-optimizer-reg.production.sephora-asia.net/eyJlZGl0cyI6eyJyZXNpemUiOnt9fX0=/images/product_images/zoom_1_Product_843628150531-Patrick-Ta-Major-Dimension-Eyeshadow-_f2ca39c2bc506989bab15802158bf47ffb5f33b1_1732277219.png,Patrick Ta,makeup,2025-11-12 05:59:41,2025-11-12 05:59:41,
82,,,Triclone Skin Tech™ Foundation,RM248.00,,"[""Only at Sephora""]",,,,https://www.sephora.my/products/haus-labs-by-lady-gaga-triclone-skin-tech-foundation/v/590-deep-neutral,https://image-optimizer-reg.production.sephora-asia.net/eyJlZGl0cyI6eyJyZXNpemUiOnt9fX0=/images/product_images/zoom_1_Product_840073505428-Haus-Labs-by-Lady-Gaga-Triclone-Skin-_d31eb44848813b56574c61c9ff57ff3c363a62c5_1744114987.png?o=clean,Haus Labs by Lady Gaga,makeup,2025-11-12 05:59:41,2025-11-12 05:59:41,
83,,,Mini Radiant Creamy Concealer,RM68.00,,[],,,,https://www.sephora.my/products/nars-mini-radiant-creamy-concealer/v/ginger,https://image-optimizer-reg.production.sephora-asia.net/eyJlZGl0cyI6eyJyZXNpemUiOnt9fX0=/images/product_images/zoom_1_Product_607845019848-NARS-Mini-Radiant-Creamy-Concealer-Ginger-e8b686_2d0feb272e43327423ad85c011cf5a5d71306a4e_1704455935.png,NARS,makeup,2025-11-12 05:59:41,2025-11-12 05:59:41,
84,,,Colorful Blush,RM75.00RM52.5030% OFF,,"[""Only at Sephora""]",,,,https://www.sephora.my/products/sephora-collection-colorful-blush/v/48-free-spirit,https://image-optimizer-reg.production.sephora-asia.net/eyJlZGl0cyI6eyJyZXNpemUiOnt9fX0=/images/product_images/zoom_1_Product_3378872180616-Sephora-Collection-Colorful-Blush-48_981ea57b652a71db5a1e3a5c0170321dc4e62747_1708923224.png?o=clean,Sephora Collection,makeup,2025-11-12 05:59:41,2025-11-12 05:59:41,
85,,,Correcting Cream Veil,RM300.00,,[],,,,https://www.sephora.my/products/cle-de-peau-correcting-cream-veil/v/37ml,https://image-optimizer-reg.production.sephora-asia.net/eyJlZGl0cyI6eyJyZXNpemUiOnt9fX0=/images/product_images/zoom_1_Product_729238161825-Cle-De-Peau-Correcting-Cream-Veil-37ml_b18a16903959d72f9175556ef5dc1a1065aeb279_1626109550.png,Cle De Peau,makeup,2025-11-12 05:59:41,2025-11-12 05:59:41,
86,,,Lustreglass Sheer-Shine Lipstick,RM130.00,,[],,,,https://www.sephora.my/products/mac-cosmetics-lustreglass-sheer-shine-lipstick/v/business-casual,https://image-optimizer-reg.production.sephora-asia.net/eyJlZGl0cyI6eyJyZXNpemUiOnt9fX0=/images/product_images/zoom_1_Product_773602609833-MAC-Cosmetics-Lustreglass-Sheer-Shine_9c9e3cc4427669134eb2e9ca09eb975ce5265ace_1718194042.png,MAC Cosmetics,makeup,2025-11-12 05:59:41,2025-11-12 05:59:41,
87,,,Shape Tape™ Ultra Creamy Concealer Travel-Size,RM64.00,,"[""Only at Sephora""]",,,,https://www.sephora.my/products/tarte-shape-tape-ultra-creamy-concealer-travel-size/v/20b-light,https://image-optimizer-reg.production.sephora-asia.net/eyJlZGl0cyI6eyJyZXNpemUiOnt9fX0=/images/product_images/zoom_1_Product_846733056040-tarte-Shape-Tape-Ultra-Creamy-Conceal_fdacb8caccbf02126bfa386eb8ebe6f51932c906_1708938284.png,tarte,makeup,2025-11-12 05:59:41,2025-11-12 05:59:41,
88,,,Rouge Volupte Shine Candy Glaze Lipstick,RM180.00,,[],,,,https://www.sephora.my/products/yves-saint-laurent-rouge-volupte-shine-candy-glaze-lipstick/v/2,https://image-optimizer-reg.production.sephora-asia.net/eyJlZGl0cyI6eyJyZXNpemUiOnt9fX0=/images/product_images/zoom_1_Product_4935421761734-Yves-Saint-Laurent-Rouge-Volupte-Shi_36ad3b0025e2814046fdd3b353d40d34917d6572_1724056381.png,Yves Saint Laurent,makeup,2025-11-12 05:59:41,2025-11-12 05:59:41,
89,,,Triclone Skin Tech™ Concealer,RM162.00,,"[""Only at Sephora""]",,,,https://www.sephora.my/products/haus-labs-by-lady-gaga-triclone-skin-tech-concealer/v/54-deep-neutral,https://image-optimizer-reg.production.sephora-asia.net/eyJlZGl0cyI6eyJyZXNpemUiOnt9fX0=/images/product_images/zoom_1_Product_840073504872-Haus-Labs-by-Lady-Gaga-Triclone-Skin-_f4dd5cdc74dd8fe71443ec46265d776b9143f91a_1744200082.png?o=clean,Haus Labs by Lady Gaga,makeup,2025-11-12 05:59:41,2025-11-12 05:59:41,
90,,,Tinted Lip Gloss,RM118.00RM94.4020% OFF,,"[""Only at Sephora""]",,,,https://www.sephora.my/products/anastasia-beverly-hills-tinted-lip-gloss/v/cantaloupe,https://image-optimizer-reg.production.sephora-asia.net/eyJlZGl0cyI6eyJyZXNpemUiOnt9fX0=/images/product_images/zoom_1_Product_689304190640-Anastasia-Beverly-Hills-Tinted-Lip-Gl_8c852b2b4eff14d5d2a42f8a1713a5c491221110_1724057214.png,Anastasia Beverly Hills,makeup,2025-11-12 05:59:41,2025-11-12 05:59:41,
91,,,Makeup Fixing Mist,RM73.00,,[],,,,https://www.sephora.my/products/pixi-makeup-fixing-mist/v/80ml,https://image-optimizer-reg.production.sephora-asia.net/eyJlZGl0cyI6eyJyZXNpemUiOnt9fX0=/images/product_images/zoom_1_Product_885190820016-Pixi_MakeupFixingMist_7582dd1fa35ed417670a732607b9dc90356bf7d7_1664026448.png,Pixi,makeup,2025-11-12 05:59:41,2025-11-12 05:59:41,
92,,,Makeup Setting Spray,RM78.00,,"[""Only at Sephora""]",,,,https://www.sephora.my/products/sephora-collection-makeup-setting-spray/v/80ml,https://image-optimizer-reg.production.sephora-asia.net/eyJlZGl0cyI6eyJyZXNpemUiOnt9fX0=/images/product_images/zoom_1_Product_3378872155546-Sephora-Collection-Makeup-Setting-Sp_24f1d699fb5c5a20f7204b0d5ee4a3d6b0dee651_1708924048.png?o=clean,Sephora Collection,makeup,2025-11-12 05:59:41,2025-11-12 05:59:41,
93,,,12h Intense Ink Matte Liquid Eyeliner,RM72.00,,"[""Only at Sephora""]",,,,https://www.sephora.my/products/sephora-collection-12h-intense-ink-matte-liquid-eyeliner/v/01-deep-black,https://image-optimizer-reg.production.sephora-asia.net/eyJlZGl0cyI6eyJyZXNpemUiOnt9fX0=/images/product_images/zoom_1_Product_3378872239321-Sephora-collection-12h-Intense-Ink-M_e75e8772ceb3876f1d17c1b9565e15b45cdf7ba0_1724673828.png,Sephora Collection,makeup,2025-11-12 05:59:41,2025-11-12 05:59:41,
94,,,Care Mineral Compact Powder Foundation - Matte Finish & Soothing Effect,RM98.00RM49.0050% OFF,,"[""Only at Sephora""]",,,,https://www.sephora.my/products/sephora-collection-care-mineral-compact-powder-foundation-matte-finish-and-soothing-effect/v/45-cocoa-deep,https://image-optimizer-reg.production.sephora-asia.net/eyJlZGl0cyI6eyJyZXNpemUiOnt9fX0=/images/product_images/zoom_1_Product_3378872218227-Sephora-Collection-Care-Mineral-Comp_cacde6a9cbb404a5ae113572354f63a365b1abd5_1708923192.png?o=clean,Sephora Collection,makeup,2025-11-12 05:59:41,2025-11-12 05:59:41,
95,,,M·A·Cximal Silky Matte Lipstick,RM130.00,,[],,,,https://www.sephora.my/products/mac-cosmetics-m-star-a-star-cximal-silky-matte-lipstick/v/acting-natural,https://image-optimizer-reg.production.sephora-asia.net/eyJlZGl0cyI6eyJyZXNpemUiOnt9fX0=/images/product_images/zoom_1_Product_773602724772-MAC-Cosmetics-MACximal-Silky-Matte-Li_a52b513d5901445e6b96c59b35a04224278ac171_1735214659.png,MAC Cosmetics,makeup,2025-11-12 05:59:41,2025-11-12 05:59:41,
96,,,Sweet Indulgences Maracuja Juicy Lip Vault Gift Set (Holiday Limited Edition),RM200.00,,"[""Only at Sephora""]",,,,https://www.sephora.my/products/tarte-sweet-indulgences-maracuja-juicy-lip-vault-gift-set-holiday-limited-edition/v/default,https://image-optimizer-reg.production.sephora-asia.net/eyJlZGl0cyI6eyJyZXNpemUiOnt9fX0=/images/product_images/zoom_1_Product_197689041094-Tarte-Sweet-Indulgences-Maracuja-Juic_a701b0fdb306e68821024e52b1c41c94dd0b4cee_1758597430.png,tarte,makeup,2025-11-12 05:59:41,2025-11-12 05:59:41,
97,,,Gloss Bomb Universal Lip Luminizer,RM121.00RM60.5050% OFF,,"[""NEW | Only at Sephora""]",,,,https://www.sephora.my/products/fenty-gloss-bomb-universal-lip-luminizer/v/champ-stamp-fantasy,https://image-optimizer-reg.production.sephora-asia.net/eyJlZGl0cyI6eyJyZXNpemUiOnt9fX0=/images/product_images/zoom_1_Product_840026666879-Fenty-Beauty-Gloss-Bomb-Universal-Lip_bfaae6aaa0f258b88ada73e6da3d7f48cb1631fc_1724056735.png,Fenty Beauty,makeup,2025-11-12 05:59:41,2025-11-12 05:59:41,
98,,,CC+Cream Full-Coverage Foundation SPF 50,RM208.00,,"[""Only at Sephora""]",,,,https://www.sephora.my/products/it-cosmetics-your-skin-but-better-cc-plus-cream-spf-50/v/fair,https://image-optimizer-reg.production.sephora-asia.net/eyJlZGl0cyI6eyJyZXNpemUiOnt9fX0=/images/product_images/zoom_1_Product_3605971979149-It-Cosmetics-CC_Cream-Full-Coverage-_63d5071dea761c75587da67064538fdbc5ea140d_1729771549.png,IT Cosmetics,makeup,2025-11-12 05:59:41,2025-11-12 05:59:41,
99,,,Brow Wiz,RM134.00,,"[""Only at Sephora""]",,,,https://www.sephora.my/products/anastasia-beverly-hills-brow-wiz/v/blonde,https://image-optimizer-reg.production.sephora-asia.net/eyJlZGl0cyI6eyJyZXNpemUiOnt9fX0=/images/product_images/zoom_21586_AnastasiaBeverlyHills_BrowWiz_Blonde_WEB_4a25b7590285a5829c8ba79143fee6c04a524464_1523776979.png,Anastasia Beverly Hills,makeup,2025-11-12 05:59:41,2025-11-12 05:59:41,
100,,,Almost Lipstick,RM120.00,,[],,,,https://www.sephora.my/products/clinique-almost-lipstick/v/black-honey,https://image-optimizer-reg.production.sephora-asia.net/eyJlZGl0cyI6eyJyZXNpemUiOnt9fX0=/images/product_images/zoom_1_Product_20714004507-Clinique-Almost-Lipstick-Black-Honey_90eb512435ae1a751f4c624bdf908b00cb9d3d80_1646738468.png,Clinique,makeup,2025-11-12 05:59:41,2025-11-12 05:59:41,
101,,,Vitamin Enriched Face Base Duo (Holiday Limited Edition),RM480.00,,"[""NEW""]",,,,https://www.sephora.my/products/bobbi-brown-vitamin-enriched-face-base-duo-holiday-limited-edition/v/default,https://image-optimizer-reg.production.sephora-asia.net/eyJlZGl0cyI6eyJyZXNpemUiOnt9fX0=/images/product_images/zoom_1_Product_716170348087-Bobbi-Brown-Vitamin-Enriched-Face-Bas_f68281747d158cf403940a844a3b2147786cb6e3_1759404406.png,Bobbi Brown,makeup,2025-11-12 05:59:41,2025-11-12 05:59:41,
102,,,On-The-Glow Blush Duo (Holiday Limited Edition),RM96.00,,"[""NEW""]",,,,https://www.sephora.my/products/pixi-on-the-glow-blush-duo-holiday-limited-edition/v/default,https://image-optimizer-reg.production.sephora-asia.net/eyJlZGl0cyI6eyJyZXNpemUiOnt9fX0=/images/product_images/zoom_1_Product_885190370467-Pixi-On-The-Glow-Blush-Duo-Holiday-Li_1162d6b2273999c536687122ec888ae189a211a1_1759830282.png,Pixi,makeup,2025-11-12 05:59:41,2025-11-12 05:59:41,
103,,,Skin Tint Blurring Elixir Foundation,RM160.00,,[],,,,https://www.sephora.my/products/kylie-cosmetics-skin-tint-blurring-elixir-foundation/v/2c,https://image-optimizer-reg.production.sephora-asia.net/eyJlZGl0cyI6eyJyZXNpemUiOnt9fX0=/images/product_images/zoom_1_Product_4064941136552-KCOSM-Skin-Tint-Blurring-Elixir-Foun_dec7db8dc5cb6284fa9a762e5252f201005c422c_1742991065.png,Kylie Cosmetics,makeup,2025-11-12 05:59:41,2025-11-12 05:59:41,
104,,,Express Waterproof Makeup Remover,RM64.00,,"[""Only at Sephora""]",,,,https://www.sephora.my/products/sephora-collection-express-waterproof-makeup-remover/v/200ml,https://image-optimizer-reg.production.sephora-asia.net/eyJlZGl0cyI6eyJyZXNpemUiOnt9fX0=/images/product_images/zoom_1_Product_3378872250135-Sephora-collection-Express-Waterproo_a0ef4e5c733270c2c90984ab5fd9adc9ae89f5ef_1736916483.png,Sephora Collection,makeup,2025-11-12 05:59:41,2025-11-12 05:59:41,
105,,,The POREfessional Face Primer,RM300.00,,[],,,,https://www.sephora.my/products/benefit-cosmetics-the-porefessional-face-primer/v/44ml,https://image-optimizer-reg.production.sephora-asia.net/eyJlZGl0cyI6eyJyZXNpemUiOnt9fX0=/images/product_images/zoom_1_Product_7769_2520Benefit_2520Cosmetics_2520The_2520POREfes_453692aa403df38a7ba381d43f3f4fa2af2caed3_1724050607.png,Benefit Cosmetics,makeup,2025-11-12 05:59:41,2025-11-12 05:59:41,
106,,,Easy Blur Natural Airbrush Foundation,RM210.00,,"[""Only at Sephora""]",,,,https://www.sephora.my/products/huda-beauty-easy-blur-natural-airbrush-foundation/v/100b-milkshake,https://image-optimizer-reg.production.sephora-asia.net/eyJlZGl0cyI6eyJyZXNpemUiOnt9fX0=/images/product_images/zoom_1_Product_6294018403302-Huda-Beauty-Easy-Blur-Natural-Airbru_bf5ebc8c40884df558de170cb5225a08c86c8a56_1723204805.png,Huda Beauty,makeup,2025-11-12 05:59:41,2025-11-12 05:59:41,
107,,,Studio Fix Powder Plus Foundation Prefill,RM200.00,,[],,,,https://www.sephora.my/products/mac-cosmetics-studio-fix-powder-plus-foundation-prefill/v/nc10-very-fair-beige-with-neutral-undertone-for-very-fair-skin,https://image-optimizer-reg.production.sephora-asia.net/eyJlZGl0cyI6eyJyZXNpemUiOnt9fX0=/images/product_images/zoom_1_Product_773602736812-MAC-Cosmetics-Studio-Fix-Powder-Plus-_d268cd592765d261af175516f6abe0400acb2986_1743595336.png,MAC Cosmetics,makeup,2025-11-12 05:59:41,2025-11-12 05:59:41,
108,,,Original Colorful Eyeshadow Mono Glitter,RM45.00RM22.5050% OFF,,"[""Only at Sephora""]",,,,https://www.sephora.my/products/sephora-collection-original-colorful-eyeshadow-mono-glitter/v/102-fairy-aura,https://image-optimizer-reg.production.sephora-asia.net/eyJlZGl0cyI6eyJyZXNpemUiOnt9fX0=/images/product_images/zoom_1_Product_3378872201304-Sephora-Collection-Colorful-Eyeshado_90777087ca4a9266e54bec1bb851a5deab2788e7_1715082483.png?o=clean,Sephora Collection,makeup,2025-11-12 05:59:41,2025-11-12 05:59:41,
109,,,Artist Color Pencil,RM120.00,,[],,,,https://www.sephora.my/products/make-up-for-ever-artist-color-pencil/v/506-endless-cacao,https://image-optimizer-reg.production.sephora-asia.net/eyJlZGl0cyI6eyJyZXNpemUiOnt9fX0=/images/product_images/zoom_1_Product_3548752132855-Make-Up-For-Ever-Artist-Color-Pencil-506-Endless-Cacao_63d4358feace3fcb248a112cde4424d813867677_1635515413.png,MAKE UP FOR EVER,makeup,2025-11-12 05:59:41,2025-11-12 05:59:41,
110,,,Easy Blur Silicon-Free Smoothing Primer,RM200.00,,"[""Only at Sephora""]",,,,https://www.sephora.my/products/huda-beauty-easy-blur-silicon-free-smoothing-primer/v/30ml,https://image-optimizer-reg.production.sephora-asia.net/eyJlZGl0cyI6eyJyZXNpemUiOnt9fX0=/images/product_images/zoom_1_Product_6294018405696-Huda-Beauty-Easy-Blur-Silicon-Free-S_17f87e49fa1bfa0812b9759d31fc3521e87ffc79_1723550492.png,Huda Beauty,makeup,2025-11-12 05:59:41,2025-11-12 05:59:41,
111,,,Pillow Talk Icons On The Go Set (Holiday Limited Edition),RM270.00,,[],,,,https://www.sephora.my/products/charlotte-tilbury-pillow-talk-icons-on-the-go-set-holiday-limited-edition/v/default,https://image-optimizer-reg.production.sephora-asia.net/eyJlZGl0cyI6eyJyZXNpemUiOnt9fX0=/images/product_images/zoom_1_Product_5056446655378-Charlotte-Tilbury-Pillow-Talk-Icons-_0a5d8f7446e867355c525a0b3818fc141bac60cc_1759230996.png,Charlotte Tilbury,makeup,2025-11-12 05:59:41,2025-11-12 05:59:41,
112,,,Clay Play To-Go Cheek Palette (Limited Edition),RM115.00,,"[""Only at Sephora""]",,,,https://www.sephora.my/products/tarte-clay-play-to-go-cheek-palette-limited-edition/v/default,https://image-optimizer-reg.production.sephora-asia.net/eyJlZGl0cyI6eyJyZXNpemUiOnt9fX0=/images/product_images/zoom_1_Product_846733085491-Tarte-Clay-Play-To-Go-Cheek-Palette-L_13b35b0b543125f966135918ea85dd1547dab88c_1724046869.png,tarte,makeup,2025-11-12 05:59:41,2025-11-12 05:59:41,
113,,,Cult Classic Lip Duo (Holiday Limited Edition),RM90.00,,"[""NEW""]",,,,https://www.sephora.my/products/clinique-cult-classic-lip-duo-holiday-limited-edition/v/default,https://image-optimizer-reg.production.sephora-asia.net/eyJlZGl0cyI6eyJyZXNpemUiOnt9fX0=/images/product_images/zoom_1_Product_192333275801-Clinique-Cult-Classic-Lip-Duo-Holiday_33f5f393304c31b85b67b5f06d37b2963afbb3ad_1760438955.png,Clinique,makeup,2025-11-12 05:59:41,2025-11-12 05:59:41,
114,,,Tattoo Liner Liquid Eyeliner,RM121.00,,"[""Only at Sephora""]",,,,https://www.sephora.my/products/kvd-beauty-tattoo-liner-liquid-eyeliner/v/mad-max-brown-rich-chocolate-brown,https://image-optimizer-reg.production.sephora-asia.net/eyJlZGl0cyI6eyJyZXNpemUiOnt9fX0=/images/product_images/zoom_1_Product_811999022078-KVD-Tattoo-Liner-Liquid-Eyeliner-Mad-Max-Brown-Rich-Chocolate-Brown_625d86b0e7f4f9eda02f8037d0eccc293e41b69b_1681709369.png,KVD Beauty,makeup,2025-11-12 05:59:41,2025-11-12 05:59:41,
115,,,Mini Shape Tape Contour Concealer,RM64.00,,"[""Only at Sephora""]",,,,https://www.sephora.my/products/tarte-mini-shape-tape-contour-concealer/v/12n-fair-neutral,https://image-optimizer-reg.production.sephora-asia.net/eyJlZGl0cyI6eyJyZXNpemUiOnt9fX0=/images/product_images/zoom_1_Product_846733034956-tarte-Mini-Shape-Tape-Contour-Conceal_335bdbcfb80bc4c43f0a61da46c7a95124fed448_1708938120.png,tarte,makeup,2025-11-12 05:59:41,2025-11-12 05:59:41,
116,,,"Precisely, My Brow Eyebrow Pencil",RM141.00,,[],,,,https://www.sephora.my/products/benefit-cosmetics-precisely-my-brow-pencil/v/01-light,https://image-optimizer-reg.production.sephora-asia.net/eyJlZGl0cyI6eyJyZXNpemUiOnt9fX0=/images/product_images/zoom_Precisely_My_Brow_Pencil_open_b_no_reflection_1_RGB_WEB_e7a5af9579a22346238a98caaf2541b7f0227a31_1523777490.png,Benefit Cosmetics,makeup,2025-11-12 05:59:41,2025-11-12 05:59:41,
117,,,Browminoes Full-Size & Mini Brow Trio (Holiday Limited Edition),RM186.00,,[],,,,https://www.sephora.my/products/benefit-cosmetics-browminoes-full-size-and-mini-brow-trio-holiday-limited-edition/v/blonde,https://image-optimizer-reg.production.sephora-asia.net/eyJlZGl0cyI6eyJyZXNpemUiOnt9fX0=/images/product_images/zoom_1_Product_602004164797-Benefit-Cosmetics-Browminoes-Full-Siz_2871120a1f0363c030cf9af361e31a647b3f6bed_1758701626.png,Benefit Cosmetics,makeup,2025-11-12 05:59:41,2025-11-12 05:59:41,
118,,,Cream Lip Stain Set (Holiday Limited Edition),RM220.00,,"[""NEW | Only at Sephora""]",,,,https://www.sephora.my/products/sephora-collection-cream-lip-stain-set-holiday-limited-edition/v/default,https://image-optimizer-reg.production.sephora-asia.net/eyJlZGl0cyI6eyJyZXNpemUiOnt9fX0=/images/product_images/zoom_1_Product_3378872259435-Sephora-Collection-Cream-Lip-Stain-S_e2ccf12c6d6e09b3c3ae3d0d18f6cb9d8fe1ddaf_1760438614.png,Sephora Collection,makeup,2025-11-12 05:59:41,2025-11-12 05:59:41,
119,,,Natural Radiant Longwear Foundation,RM235.00,,[],,,,https://www.sephora.my/products/nars-natural-radiant-longwear-foundation/v/barcelona,https://image-optimizer-reg.production.sephora-asia.net/eyJlZGl0cyI6eyJyZXNpemUiOnt9fX0=/images/product_images/zoom_33372_NARS_NaturalRadiantLongwearFoundation_Barcelona_WEB_eed8867fbfe9d7ddeca1f323d3ce295d29749b4b_1523779607.png,NARS,makeup,2025-11-12 05:59:41,2025-11-12 05:59:41,
120,,,Rouge Dior Forever Liquid Lipstick,RM205.00,,[],,,,https://www.sephora.my/products/dior-rouge-dior-forever-liquid-lipstick/v/100-forever-nude,https://image-optimizer-reg.production.sephora-asia.net/eyJlZGl0cyI6eyJyZXNpemUiOnt9fX0=/images/product_images/zoom_1_Product_3348901588355-Dior-Rouge-Dior-Forever-Liquid-Lipstick-100-Forever-Nude_ac71c6358ffdf0082dc31b25228ff0a57dd50f85_1618320274.png,DIOR,makeup,2025-11-12 05:59:41,2025-11-12 05:59:41,
